epoch,categorical_accuracy,loss,val_categorical_accuracy,val_loss
0,0.3583333194255829,1.5250041484832764,0.22607550024986267,1.1172471046447754
1,0.2666666805744171,1.5715588331222534,0.22607550024986267,1.1281300783157349
