epoch,categorical_accuracy,loss,val_categorical_accuracy,val_loss
0,0.459038108587265,1.1727497577667236,0.45961371064186096,1.6989973783493042
1,0.5289013385772705,0.9807918667793274,0.5645303130149841,1.002541422843933
2,0.6096484661102295,0.8636676669120789,0.5618963837623596,1.1617813110351562
3,0.6556846499443054,0.7663063406944275,0.6128182411193848,0.8530115485191345
4,0.7012795805931091,0.6860259175300598,0.5474100112915039,1.028957724571228
